treatment,plot,subsite,year,lifeform
OTC,11A,NAKVAKDRY,2008,FORB
OTC,11A,NAKVAKDRY,2008,GRAM
OTC,11A,NAKVAKDRY,2008,LICHEN
OTC,11A,NAKVAKDRY,2008,LIVERWORT
OTC,11A,NAKVAKDRY,2008,MOSS
OTC,11A,NAKVAKDRY,2008,SDECI
OTC,11A,NAKVAKDRY,2008,SEVER
OTC,11A,NAKVAKDRY,2010,FORB
OTC,11A,NAKVAKDRY,2010,GRAM
OTC,11A,NAKVAKDRY,2010,LICHEN
OTC,11A,NAKVAKDRY,2010,LIVERWORT
OTC,11A,NAKVAKDRY,2010,MOSS
OTC,11A,NAKVAKDRY,2010,SDECI
OTC,11A,NAKVAKDRY,2010,SEVER
OTC,11A,NAKVAKDRY,2015,FORB
OTC,11A,NAKVAKDRY,2015,GRAM
OTC,11A,NAKVAKDRY,2015,LICHEN
OTC,11A,NAKVAKDRY,2015,LIVERWORT
OTC,11A,NAKVAKDRY,2015,MOSS
OTC,11A,NAKVAKDRY,2015,SDECI
OTC,11A,NAKVAKDRY,2015,SEVER
OTC,11A,NAKVAKDRY,2021,FORB
OTC,11A,NAKVAKDRY,2021,GRAM
OTC,11A,NAKVAKDRY,2021,LICHEN
OTC,11A,NAKVAKDRY,2021,LIVERWORT
OTC,11A,NAKVAKDRY,2021,MOSS
OTC,11A,NAKVAKDRY,2021,SDECI
OTC,11A,NAKVAKDRY,2021,SEVER
CTL,11B,NAKVAKDRY,2008,FORB
CTL,11B,NAKVAKDRY,2008,GRAM
CTL,11B,NAKVAKDRY,2008,LICHEN
CTL,11B,NAKVAKDRY,2008,LIVERWORT
CTL,11B,NAKVAKDRY,2008,MOSS
CTL,11B,NAKVAKDRY,2008,SDECI
CTL,11B,NAKVAKDRY,2008,SEVER
CTL,11B,NAKVAKDRY,2010,FORB
CTL,11B,NAKVAKDRY,2010,GRAM
CTL,11B,NAKVAKDRY,2010,LICHEN
CTL,11B,NAKVAKDRY,2010,LIVERWORT
CTL,11B,NAKVAKDRY,2010,MOSS
CTL,11B,NAKVAKDRY,2010,SDECI
CTL,11B,NAKVAKDRY,2010,SEVER
CTL,11B,NAKVAKDRY,2015,FORB
CTL,11B,NAKVAKDRY,2015,GRAM
CTL,11B,NAKVAKDRY,2015,LICHEN
CTL,11B,NAKVAKDRY,2015,LIVERWORT
CTL,11B,NAKVAKDRY,2015,MOSS
CTL,11B,NAKVAKDRY,2015,SDECI
CTL,11B,NAKVAKDRY,2015,SEVER
CTL,11B,NAKVAKDRY,2021,FORB
CTL,11B,NAKVAKDRY,2021,GRAM
CTL,11B,NAKVAKDRY,2021,LICHEN
CTL,11B,NAKVAKDRY,2021,LIVERWORT
CTL,11B,NAKVAKDRY,2021,MOSS
CTL,11B,NAKVAKDRY,2021,SDECI
CTL,11B,NAKVAKDRY,2021,SEVER
OTC,12A,NAKVAKDRY,2008,FORB
OTC,12A,NAKVAKDRY,2008,GRAM
OTC,12A,NAKVAKDRY,2008,LICHEN
OTC,12A,NAKVAKDRY,2008,LIVERWORT
OTC,12A,NAKVAKDRY,2008,MOSS
OTC,12A,NAKVAKDRY,2008,SDECI
OTC,12A,NAKVAKDRY,2008,SEVER
OTC,12A,NAKVAKDRY,2010,FORB
OTC,12A,NAKVAKDRY,2010,GRAM
OTC,12A,NAKVAKDRY,2010,LICHEN
OTC,12A,NAKVAKDRY,2010,LIVERWORT
OTC,12A,NAKVAKDRY,2010,MOSS
OTC,12A,NAKVAKDRY,2010,SDECI
OTC,12A,NAKVAKDRY,2010,SEVER
OTC,12A,NAKVAKDRY,2015,FORB
OTC,12A,NAKVAKDRY,2015,GRAM
OTC,12A,NAKVAKDRY,2015,LICHEN
OTC,12A,NAKVAKDRY,2015,LIVERWORT
OTC,12A,NAKVAKDRY,2015,MOSS
OTC,12A,NAKVAKDRY,2015,SDECI
OTC,12A,NAKVAKDRY,2015,SEVER
OTC,12A,NAKVAKDRY,2021,FORB
OTC,12A,NAKVAKDRY,2021,GRAM
OTC,12A,NAKVAKDRY,2021,LICHEN
OTC,12A,NAKVAKDRY,2021,LIVERWORT
OTC,12A,NAKVAKDRY,2021,MOSS
OTC,12A,NAKVAKDRY,2021,SDECI
OTC,12A,NAKVAKDRY,2021,SEVER
CTL,12B,NAKVAKDRY,2008,FORB
CTL,12B,NAKVAKDRY,2008,GRAM
CTL,12B,NAKVAKDRY,2008,LICHEN
CTL,12B,NAKVAKDRY,2008,LIVERWORT
CTL,12B,NAKVAKDRY,2008,MOSS
CTL,12B,NAKVAKDRY,2008,SDECI
CTL,12B,NAKVAKDRY,2008,SEVER
CTL,12B,NAKVAKDRY,2010,FORB
CTL,12B,NAKVAKDRY,2010,GRAM
CTL,12B,NAKVAKDRY,2010,LICHEN
CTL,12B,NAKVAKDRY,2010,LIVERWORT
CTL,12B,NAKVAKDRY,2010,MOSS
CTL,12B,NAKVAKDRY,2010,SDECI
CTL,12B,NAKVAKDRY,2010,SEVER
CTL,12B,NAKVAKDRY,2015,FORB
CTL,12B,NAKVAKDRY,2015,GRAM
CTL,12B,NAKVAKDRY,2015,LICHEN
CTL,12B,NAKVAKDRY,2015,LIVERWORT
CTL,12B,NAKVAKDRY,2015,MOSS
CTL,12B,NAKVAKDRY,2015,SDECI
CTL,12B,NAKVAKDRY,2015,SEVER
CTL,12B,NAKVAKDRY,2021,FORB
CTL,12B,NAKVAKDRY,2021,GRAM
CTL,12B,NAKVAKDRY,2021,LICHEN
CTL,12B,NAKVAKDRY,2021,LIVERWORT
CTL,12B,NAKVAKDRY,2021,MOSS
CTL,12B,NAKVAKDRY,2021,SDECI
CTL,12B,NAKVAKDRY,2021,SEVER
OTC,13A,NAKVAKDRY,2008,FORB
OTC,13A,NAKVAKDRY,2008,GRAM
OTC,13A,NAKVAKDRY,2008,LICHEN
OTC,13A,NAKVAKDRY,2008,LIVERWORT
OTC,13A,NAKVAKDRY,2008,MOSS
OTC,13A,NAKVAKDRY,2008,SDECI
OTC,13A,NAKVAKDRY,2008,SEVER
OTC,13A,NAKVAKDRY,2010,FORB
OTC,13A,NAKVAKDRY,2010,GRAM
OTC,13A,NAKVAKDRY,2010,LICHEN
OTC,13A,NAKVAKDRY,2010,LIVERWORT
OTC,13A,NAKVAKDRY,2010,MOSS
OTC,13A,NAKVAKDRY,2010,SDECI
OTC,13A,NAKVAKDRY,2010,SEVER
OTC,13A,NAKVAKDRY,2015,FORB
OTC,13A,NAKVAKDRY,2015,GRAM
OTC,13A,NAKVAKDRY,2015,LICHEN
OTC,13A,NAKVAKDRY,2015,LIVERWORT
OTC,13A,NAKVAKDRY,2015,MOSS
OTC,13A,NAKVAKDRY,2015,SDECI
OTC,13A,NAKVAKDRY,2015,SEVER
OTC,13A,NAKVAKDRY,2021,FORB
OTC,13A,NAKVAKDRY,2021,GRAM
OTC,13A,NAKVAKDRY,2021,LICHEN
OTC,13A,NAKVAKDRY,2021,LIVERWORT
OTC,13A,NAKVAKDRY,2021,MOSS
OTC,13A,NAKVAKDRY,2021,SDECI
OTC,13A,NAKVAKDRY,2021,SEVER
CTL,13B,NAKVAKDRY,2008,FORB
CTL,13B,NAKVAKDRY,2008,GRAM
CTL,13B,NAKVAKDRY,2008,LICHEN
CTL,13B,NAKVAKDRY,2008,LIVERWORT
CTL,13B,NAKVAKDRY,2008,MOSS
CTL,13B,NAKVAKDRY,2008,SDECI
CTL,13B,NAKVAKDRY,2008,SEVER
CTL,13B,NAKVAKDRY,2010,FORB
CTL,13B,NAKVAKDRY,2010,GRAM
CTL,13B,NAKVAKDRY,2010,LICHEN
CTL,13B,NAKVAKDRY,2010,LIVERWORT
CTL,13B,NAKVAKDRY,2010,MOSS
CTL,13B,NAKVAKDRY,2010,SDECI
CTL,13B,NAKVAKDRY,2010,SEVER
CTL,13B,NAKVAKDRY,2015,FORB
CTL,13B,NAKVAKDRY,2015,GRAM
CTL,13B,NAKVAKDRY,2015,LICHEN
CTL,13B,NAKVAKDRY,2015,LIVERWORT
CTL,13B,NAKVAKDRY,2015,MOSS
CTL,13B,NAKVAKDRY,2015,SDECI
CTL,13B,NAKVAKDRY,2015,SEVER
CTL,13B,NAKVAKDRY,2021,FORB
CTL,13B,NAKVAKDRY,2021,GRAM
CTL,13B,NAKVAKDRY,2021,LICHEN
CTL,13B,NAKVAKDRY,2021,LIVERWORT
CTL,13B,NAKVAKDRY,2021,MOSS
CTL,13B,NAKVAKDRY,2021,SDECI
CTL,13B,NAKVAKDRY,2021,SEVER
OTC,14A,NAKVAKDRY,2008,FORB
OTC,14A,NAKVAKDRY,2008,GRAM
OTC,14A,NAKVAKDRY,2008,LICHEN
OTC,14A,NAKVAKDRY,2008,LIVERWORT
OTC,14A,NAKVAKDRY,2008,MOSS
OTC,14A,NAKVAKDRY,2008,SDECI
OTC,14A,NAKVAKDRY,2008,SEVER
OTC,14A,NAKVAKDRY,2010,FORB
OTC,14A,NAKVAKDRY,2010,GRAM
OTC,14A,NAKVAKDRY,2010,LICHEN
OTC,14A,NAKVAKDRY,2010,LIVERWORT
OTC,14A,NAKVAKDRY,2010,MOSS
OTC,14A,NAKVAKDRY,2010,SDECI
OTC,14A,NAKVAKDRY,2010,SEVER
OTC,14A,NAKVAKDRY,2015,FORB
OTC,14A,NAKVAKDRY,2015,GRAM
OTC,14A,NAKVAKDRY,2015,LICHEN
OTC,14A,NAKVAKDRY,2015,LIVERWORT
OTC,14A,NAKVAKDRY,2015,MOSS
OTC,14A,NAKVAKDRY,2015,SDECI
OTC,14A,NAKVAKDRY,2015,SEVER
OTC,14A,NAKVAKDRY,2021,FORB
OTC,14A,NAKVAKDRY,2021,GRAM
OTC,14A,NAKVAKDRY,2021,LICHEN
OTC,14A,NAKVAKDRY,2021,LIVERWORT
OTC,14A,NAKVAKDRY,2021,MOSS
OTC,14A,NAKVAKDRY,2021,SDECI
OTC,14A,NAKVAKDRY,2021,SEVER
CTL,14B,NAKVAKDRY,2008,FORB
CTL,14B,NAKVAKDRY,2008,GRAM
CTL,14B,NAKVAKDRY,2008,LICHEN
CTL,14B,NAKVAKDRY,2008,LIVERWORT
CTL,14B,NAKVAKDRY,2008,MOSS
CTL,14B,NAKVAKDRY,2008,SDECI
CTL,14B,NAKVAKDRY,2008,SEVER
CTL,14B,NAKVAKDRY,2010,FORB
CTL,14B,NAKVAKDRY,2010,GRAM
CTL,14B,NAKVAKDRY,2010,LICHEN
CTL,14B,NAKVAKDRY,2010,LIVERWORT
CTL,14B,NAKVAKDRY,2010,MOSS
CTL,14B,NAKVAKDRY,2010,SDECI
CTL,14B,NAKVAKDRY,2010,SEVER
CTL,14B,NAKVAKDRY,2015,FORB
CTL,14B,NAKVAKDRY,2015,GRAM
CTL,14B,NAKVAKDRY,2015,LICHEN
CTL,14B,NAKVAKDRY,2015,LIVERWORT
CTL,14B,NAKVAKDRY,2015,MOSS
CTL,14B,NAKVAKDRY,2015,SDECI
CTL,14B,NAKVAKDRY,2015,SEVER
CTL,14B,NAKVAKDRY,2021,FORB
CTL,14B,NAKVAKDRY,2021,GRAM
CTL,14B,NAKVAKDRY,2021,LICHEN
CTL,14B,NAKVAKDRY,2021,LIVERWORT
CTL,14B,NAKVAKDRY,2021,MOSS
CTL,14B,NAKVAKDRY,2021,SDECI
CTL,14B,NAKVAKDRY,2021,SEVER
OTC,15A,NAKVAKDRY,2008,FORB
OTC,15A,NAKVAKDRY,2008,GRAM
OTC,15A,NAKVAKDRY,2008,LICHEN
OTC,15A,NAKVAKDRY,2008,LIVERWORT
OTC,15A,NAKVAKDRY,2008,MOSS
OTC,15A,NAKVAKDRY,2008,SDECI
OTC,15A,NAKVAKDRY,2008,SEVER
OTC,15A,NAKVAKDRY,2010,FORB
OTC,15A,NAKVAKDRY,2010,GRAM
OTC,15A,NAKVAKDRY,2010,LICHEN
OTC,15A,NAKVAKDRY,2010,LIVERWORT
OTC,15A,NAKVAKDRY,2010,MOSS
OTC,15A,NAKVAKDRY,2010,SDECI
OTC,15A,NAKVAKDRY,2010,SEVER
OTC,15A,NAKVAKDRY,2015,FORB
OTC,15A,NAKVAKDRY,2015,GRAM
OTC,15A,NAKVAKDRY,2015,LICHEN
OTC,15A,NAKVAKDRY,2015,LIVERWORT
OTC,15A,NAKVAKDRY,2015,MOSS
OTC,15A,NAKVAKDRY,2015,SDECI
OTC,15A,NAKVAKDRY,2015,SEVER
OTC,15A,NAKVAKDRY,2021,FORB
OTC,15A,NAKVAKDRY,2021,GRAM
OTC,15A,NAKVAKDRY,2021,LICHEN
OTC,15A,NAKVAKDRY,2021,LIVERWORT
OTC,15A,NAKVAKDRY,2021,MOSS
OTC,15A,NAKVAKDRY,2021,SDECI
OTC,15A,NAKVAKDRY,2021,SEVER
CTL,15B,NAKVAKDRY,2008,FORB
CTL,15B,NAKVAKDRY,2008,GRAM
CTL,15B,NAKVAKDRY,2008,LICHEN
CTL,15B,NAKVAKDRY,2008,LIVERWORT
CTL,15B,NAKVAKDRY,2008,MOSS
CTL,15B,NAKVAKDRY,2008,SDECI
CTL,15B,NAKVAKDRY,2008,SEVER
CTL,15B,NAKVAKDRY,2010,FORB
CTL,15B,NAKVAKDRY,2010,GRAM
CTL,15B,NAKVAKDRY,2010,LICHEN
CTL,15B,NAKVAKDRY,2010,LIVERWORT
CTL,15B,NAKVAKDRY,2010,MOSS
CTL,15B,NAKVAKDRY,2010,SDECI
CTL,15B,NAKVAKDRY,2010,SEVER
CTL,15B,NAKVAKDRY,2015,FORB
CTL,15B,NAKVAKDRY,2015,GRAM
CTL,15B,NAKVAKDRY,2015,LICHEN
CTL,15B,NAKVAKDRY,2015,LIVERWORT
CTL,15B,NAKVAKDRY,2015,MOSS
CTL,15B,NAKVAKDRY,2015,SDECI
CTL,15B,NAKVAKDRY,2015,SEVER
CTL,15B,NAKVAKDRY,2021,FORB
CTL,15B,NAKVAKDRY,2021,GRAM
CTL,15B,NAKVAKDRY,2021,LICHEN
CTL,15B,NAKVAKDRY,2021,LIVERWORT
CTL,15B,NAKVAKDRY,2021,MOSS
CTL,15B,NAKVAKDRY,2021,SDECI
CTL,15B,NAKVAKDRY,2021,SEVER
OTC,16A,NAKVAKWET,2008,FORB
OTC,16A,NAKVAKWET,2008,GRAM
OTC,16A,NAKVAKWET,2008,LICHEN
OTC,16A,NAKVAKWET,2008,LIVERWORT
OTC,16A,NAKVAKWET,2008,MOSS
OTC,16A,NAKVAKWET,2008,SDECI
OTC,16A,NAKVAKWET,2008,SEVER
OTC,16A,NAKVAKWET,2010,FORB
OTC,16A,NAKVAKWET,2010,GRAM
OTC,16A,NAKVAKWET,2010,LICHEN
OTC,16A,NAKVAKWET,2010,LIVERWORT
OTC,16A,NAKVAKWET,2010,MOSS
OTC,16A,NAKVAKWET,2010,SDECI
OTC,16A,NAKVAKWET,2010,SEVER
OTC,16A,NAKVAKWET,2015,FORB
OTC,16A,NAKVAKWET,2015,GRAM
OTC,16A,NAKVAKWET,2015,LICHEN
OTC,16A,NAKVAKWET,2015,LIVERWORT
OTC,16A,NAKVAKWET,2015,MOSS
OTC,16A,NAKVAKWET,2015,SDECI
OTC,16A,NAKVAKWET,2015,SEVER
OTC,16A,NAKVAKWET,2021,FORB
OTC,16A,NAKVAKWET,2021,GRAM
OTC,16A,NAKVAKWET,2021,LICHEN
OTC,16A,NAKVAKWET,2021,LIVERWORT
OTC,16A,NAKVAKWET,2021,MOSS
OTC,16A,NAKVAKWET,2021,SDECI
OTC,16A,NAKVAKWET,2021,SEVER
CTL,16B,NAKVAKWET,2008,FORB
CTL,16B,NAKVAKWET,2008,GRAM
CTL,16B,NAKVAKWET,2008,LICHEN
CTL,16B,NAKVAKWET,2008,LIVERWORT
CTL,16B,NAKVAKWET,2008,MOSS
CTL,16B,NAKVAKWET,2008,SDECI
CTL,16B,NAKVAKWET,2008,SEVER
CTL,16B,NAKVAKWET,2010,FORB
CTL,16B,NAKVAKWET,2010,GRAM
CTL,16B,NAKVAKWET,2010,LICHEN
CTL,16B,NAKVAKWET,2010,LIVERWORT
CTL,16B,NAKVAKWET,2010,MOSS
CTL,16B,NAKVAKWET,2010,SDECI
CTL,16B,NAKVAKWET,2010,SEVER
CTL,16B,NAKVAKWET,2015,FORB
CTL,16B,NAKVAKWET,2015,GRAM
CTL,16B,NAKVAKWET,2015,LICHEN
CTL,16B,NAKVAKWET,2015,LIVERWORT
CTL,16B,NAKVAKWET,2015,MOSS
CTL,16B,NAKVAKWET,2015,SDECI
CTL,16B,NAKVAKWET,2015,SEVER
CTL,16B,NAKVAKWET,2021,FORB
CTL,16B,NAKVAKWET,2021,GRAM
CTL,16B,NAKVAKWET,2021,LICHEN
CTL,16B,NAKVAKWET,2021,LIVERWORT
CTL,16B,NAKVAKWET,2021,MOSS
CTL,16B,NAKVAKWET,2021,SDECI
CTL,16B,NAKVAKWET,2021,SEVER
OTC,17A,NAKVAKWET,2008,FORB
OTC,17A,NAKVAKWET,2008,GRAM
OTC,17A,NAKVAKWET,2008,LICHEN
OTC,17A,NAKVAKWET,2008,LIVERWORT
OTC,17A,NAKVAKWET,2008,MOSS
OTC,17A,NAKVAKWET,2008,SDECI
OTC,17A,NAKVAKWET,2008,SEVER
OTC,17A,NAKVAKWET,2010,FORB
OTC,17A,NAKVAKWET,2010,GRAM
OTC,17A,NAKVAKWET,2010,LICHEN
OTC,17A,NAKVAKWET,2010,LIVERWORT
OTC,17A,NAKVAKWET,2010,MOSS
OTC,17A,NAKVAKWET,2010,SDECI
OTC,17A,NAKVAKWET,2010,SEVER
OTC,17A,NAKVAKWET,2015,FORB
OTC,17A,NAKVAKWET,2015,GRAM
OTC,17A,NAKVAKWET,2015,LICHEN
OTC,17A,NAKVAKWET,2015,LIVERWORT
OTC,17A,NAKVAKWET,2015,MOSS
OTC,17A,NAKVAKWET,2015,SDECI
OTC,17A,NAKVAKWET,2015,SEVER
OTC,17A,NAKVAKWET,2021,FORB
OTC,17A,NAKVAKWET,2021,GRAM
OTC,17A,NAKVAKWET,2021,LICHEN
OTC,17A,NAKVAKWET,2021,LIVERWORT
OTC,17A,NAKVAKWET,2021,MOSS
OTC,17A,NAKVAKWET,2021,SDECI
OTC,17A,NAKVAKWET,2021,SEVER
CTL,17B,NAKVAKWET,2008,FORB
CTL,17B,NAKVAKWET,2008,GRAM
CTL,17B,NAKVAKWET,2008,LICHEN
CTL,17B,NAKVAKWET,2008,LIVERWORT
CTL,17B,NAKVAKWET,2008,MOSS
CTL,17B,NAKVAKWET,2008,SDECI
CTL,17B,NAKVAKWET,2008,SEVER
CTL,17B,NAKVAKWET,2010,FORB
CTL,17B,NAKVAKWET,2010,GRAM
CTL,17B,NAKVAKWET,2010,LICHEN
CTL,17B,NAKVAKWET,2010,LIVERWORT
CTL,17B,NAKVAKWET,2010,MOSS
CTL,17B,NAKVAKWET,2010,SDECI
CTL,17B,NAKVAKWET,2010,SEVER
CTL,17B,NAKVAKWET,2015,FORB
CTL,17B,NAKVAKWET,2015,GRAM
CTL,17B,NAKVAKWET,2015,LICHEN
CTL,17B,NAKVAKWET,2015,LIVERWORT
CTL,17B,NAKVAKWET,2015,MOSS
CTL,17B,NAKVAKWET,2015,SDECI
CTL,17B,NAKVAKWET,2015,SEVER
CTL,17B,NAKVAKWET,2021,FORB
CTL,17B,NAKVAKWET,2021,GRAM
CTL,17B,NAKVAKWET,2021,LICHEN
CTL,17B,NAKVAKWET,2021,LIVERWORT
CTL,17B,NAKVAKWET,2021,MOSS
CTL,17B,NAKVAKWET,2021,SDECI
CTL,17B,NAKVAKWET,2021,SEVER
OTC,18A,NAKVAKWET,2008,FORB
OTC,18A,NAKVAKWET,2008,GRAM
OTC,18A,NAKVAKWET,2008,LICHEN
OTC,18A,NAKVAKWET,2008,LIVERWORT
OTC,18A,NAKVAKWET,2008,MOSS
OTC,18A,NAKVAKWET,2008,SDECI
OTC,18A,NAKVAKWET,2008,SEVER
OTC,18A,NAKVAKWET,2010,FORB
OTC,18A,NAKVAKWET,2010,GRAM
OTC,18A,NAKVAKWET,2010,LICHEN
OTC,18A,NAKVAKWET,2010,LIVERWORT
OTC,18A,NAKVAKWET,2010,MOSS
OTC,18A,NAKVAKWET,2010,SDECI
OTC,18A,NAKVAKWET,2010,SEVER
OTC,18A,NAKVAKWET,2015,FORB
OTC,18A,NAKVAKWET,2015,GRAM
OTC,18A,NAKVAKWET,2015,LICHEN
OTC,18A,NAKVAKWET,2015,LIVERWORT
OTC,18A,NAKVAKWET,2015,MOSS
OTC,18A,NAKVAKWET,2015,SDECI
OTC,18A,NAKVAKWET,2015,SEVER
OTC,18A,NAKVAKWET,2021,FORB
OTC,18A,NAKVAKWET,2021,GRAM
OTC,18A,NAKVAKWET,2021,LICHEN
OTC,18A,NAKVAKWET,2021,LIVERWORT
OTC,18A,NAKVAKWET,2021,MOSS
OTC,18A,NAKVAKWET,2021,SDECI
OTC,18A,NAKVAKWET,2021,SEVER
CTL,18B,NAKVAKWET,2008,FORB
CTL,18B,NAKVAKWET,2008,GRAM
CTL,18B,NAKVAKWET,2008,LICHEN
CTL,18B,NAKVAKWET,2008,LIVERWORT
CTL,18B,NAKVAKWET,2008,MOSS
CTL,18B,NAKVAKWET,2008,SDECI
CTL,18B,NAKVAKWET,2008,SEVER
CTL,18B,NAKVAKWET,2010,FORB
CTL,18B,NAKVAKWET,2010,GRAM
CTL,18B,NAKVAKWET,2010,LICHEN
CTL,18B,NAKVAKWET,2010,LIVERWORT
CTL,18B,NAKVAKWET,2010,MOSS
CTL,18B,NAKVAKWET,2010,SDECI
CTL,18B,NAKVAKWET,2010,SEVER
CTL,18B,NAKVAKWET,2015,FORB
CTL,18B,NAKVAKWET,2015,GRAM
CTL,18B,NAKVAKWET,2015,LICHEN
CTL,18B,NAKVAKWET,2015,LIVERWORT
CTL,18B,NAKVAKWET,2015,MOSS
CTL,18B,NAKVAKWET,2015,SDECI
CTL,18B,NAKVAKWET,2015,SEVER
CTL,18B,NAKVAKWET,2021,FORB
CTL,18B,NAKVAKWET,2021,GRAM
CTL,18B,NAKVAKWET,2021,LICHEN
CTL,18B,NAKVAKWET,2021,LIVERWORT
CTL,18B,NAKVAKWET,2021,MOSS
CTL,18B,NAKVAKWET,2021,SDECI
CTL,18B,NAKVAKWET,2021,SEVER
OTC,19A,NAKVAKWET,2008,FORB
OTC,19A,NAKVAKWET,2008,GRAM
OTC,19A,NAKVAKWET,2008,LICHEN
OTC,19A,NAKVAKWET,2008,LIVERWORT
OTC,19A,NAKVAKWET,2008,MOSS
OTC,19A,NAKVAKWET,2008,SDECI
OTC,19A,NAKVAKWET,2008,SEVER
OTC,19A,NAKVAKWET,2010,FORB
OTC,19A,NAKVAKWET,2010,GRAM
OTC,19A,NAKVAKWET,2010,LICHEN
OTC,19A,NAKVAKWET,2010,LIVERWORT
OTC,19A,NAKVAKWET,2010,MOSS
OTC,19A,NAKVAKWET,2010,SDECI
OTC,19A,NAKVAKWET,2010,SEVER
OTC,19A,NAKVAKWET,2015,FORB
OTC,19A,NAKVAKWET,2015,GRAM
OTC,19A,NAKVAKWET,2015,LICHEN
OTC,19A,NAKVAKWET,2015,LIVERWORT
OTC,19A,NAKVAKWET,2015,MOSS
OTC,19A,NAKVAKWET,2015,SDECI
OTC,19A,NAKVAKWET,2015,SEVER
OTC,19A,NAKVAKWET,2021,FORB
OTC,19A,NAKVAKWET,2021,GRAM
OTC,19A,NAKVAKWET,2021,LICHEN
OTC,19A,NAKVAKWET,2021,LIVERWORT
OTC,19A,NAKVAKWET,2021,MOSS
OTC,19A,NAKVAKWET,2021,SDECI
OTC,19A,NAKVAKWET,2021,SEVER
CTL,19B,NAKVAKWET,2008,FORB
CTL,19B,NAKVAKWET,2008,GRAM
CTL,19B,NAKVAKWET,2008,LICHEN
CTL,19B,NAKVAKWET,2008,LIVERWORT
CTL,19B,NAKVAKWET,2008,MOSS
CTL,19B,NAKVAKWET,2008,SDECI
CTL,19B,NAKVAKWET,2008,SEVER
CTL,19B,NAKVAKWET,2010,FORB
CTL,19B,NAKVAKWET,2010,GRAM
CTL,19B,NAKVAKWET,2010,LICHEN
CTL,19B,NAKVAKWET,2010,LIVERWORT
CTL,19B,NAKVAKWET,2010,MOSS
CTL,19B,NAKVAKWET,2010,SDECI
CTL,19B,NAKVAKWET,2010,SEVER
CTL,19B,NAKVAKWET,2015,FORB
CTL,19B,NAKVAKWET,2015,GRAM
CTL,19B,NAKVAKWET,2015,LICHEN
CTL,19B,NAKVAKWET,2015,LIVERWORT
CTL,19B,NAKVAKWET,2015,MOSS
CTL,19B,NAKVAKWET,2015,SDECI
CTL,19B,NAKVAKWET,2015,SEVER
CTL,19B,NAKVAKWET,2021,FORB
CTL,19B,NAKVAKWET,2021,GRAM
CTL,19B,NAKVAKWET,2021,LICHEN
CTL,19B,NAKVAKWET,2021,LIVERWORT
CTL,19B,NAKVAKWET,2021,MOSS
CTL,19B,NAKVAKWET,2021,SDECI
CTL,19B,NAKVAKWET,2021,SEVER
OTC,1A,NAKVAKDRY,2008,FORB
OTC,1A,NAKVAKDRY,2008,GRAM
OTC,1A,NAKVAKDRY,2008,LICHEN
OTC,1A,NAKVAKDRY,2008,LIVERWORT
OTC,1A,NAKVAKDRY,2008,MOSS
OTC,1A,NAKVAKDRY,2008,SEVER
OTC,1A,NAKVAKDRY,2008,SDECI
OTC,1A,NAKVAKDRY,2010,FORB
OTC,1A,NAKVAKDRY,2010,GRAM
OTC,1A,NAKVAKDRY,2010,LICHEN
OTC,1A,NAKVAKDRY,2010,LIVERWORT
OTC,1A,NAKVAKDRY,2010,MOSS
OTC,1A,NAKVAKDRY,2010,SEVER
OTC,1A,NAKVAKDRY,2010,SDECI
OTC,1A,NAKVAKDRY,2015,FORB
OTC,1A,NAKVAKDRY,2015,GRAM
OTC,1A,NAKVAKDRY,2015,LICHEN
OTC,1A,NAKVAKDRY,2015,LIVERWORT
OTC,1A,NAKVAKDRY,2015,MOSS
OTC,1A,NAKVAKDRY,2015,SEVER
OTC,1A,NAKVAKDRY,2015,SDECI
OTC,1A,NAKVAKDRY,2021,FORB
OTC,1A,NAKVAKDRY,2021,GRAM
OTC,1A,NAKVAKDRY,2021,LICHEN
OTC,1A,NAKVAKDRY,2021,LIVERWORT
OTC,1A,NAKVAKDRY,2021,MOSS
OTC,1A,NAKVAKDRY,2021,SEVER
OTC,1A,NAKVAKDRY,2021,SDECI
CTL,1B,NAKVAKDRY,2008,FORB
CTL,1B,NAKVAKDRY,2008,GRAM
CTL,1B,NAKVAKDRY,2008,LICHEN
CTL,1B,NAKVAKDRY,2008,LIVERWORT
CTL,1B,NAKVAKDRY,2008,MOSS
CTL,1B,NAKVAKDRY,2008,SDECI
CTL,1B,NAKVAKDRY,2008,SEVER
CTL,1B,NAKVAKDRY,2010,FORB
CTL,1B,NAKVAKDRY,2010,GRAM
CTL,1B,NAKVAKDRY,2010,LICHEN
CTL,1B,NAKVAKDRY,2010,LIVERWORT
CTL,1B,NAKVAKDRY,2010,MOSS
CTL,1B,NAKVAKDRY,2010,SDECI
CTL,1B,NAKVAKDRY,2010,SEVER
CTL,1B,NAKVAKDRY,2015,FORB
CTL,1B,NAKVAKDRY,2015,GRAM
CTL,1B,NAKVAKDRY,2015,LICHEN
CTL,1B,NAKVAKDRY,2015,LIVERWORT
CTL,1B,NAKVAKDRY,2015,MOSS
CTL,1B,NAKVAKDRY,2015,SDECI
CTL,1B,NAKVAKDRY,2015,SEVER
CTL,1B,NAKVAKDRY,2021,FORB
CTL,1B,NAKVAKDRY,2021,GRAM
CTL,1B,NAKVAKDRY,2021,LICHEN
CTL,1B,NAKVAKDRY,2021,LIVERWORT
CTL,1B,NAKVAKDRY,2021,MOSS
CTL,1B,NAKVAKDRY,2021,SDECI
CTL,1B,NAKVAKDRY,2021,SEVER
OTC,20A,NAKVAKWET,2008,FORB
OTC,20A,NAKVAKWET,2008,GRAM
OTC,20A,NAKVAKWET,2008,LICHEN
OTC,20A,NAKVAKWET,2008,LIVERWORT
OTC,20A,NAKVAKWET,2008,MOSS
OTC,20A,NAKVAKWET,2008,SDECI
OTC,20A,NAKVAKWET,2008,SEVER
OTC,20A,NAKVAKWET,2010,FORB
OTC,20A,NAKVAKWET,2010,GRAM
OTC,20A,NAKVAKWET,2010,LICHEN
OTC,20A,NAKVAKWET,2010,LIVERWORT
OTC,20A,NAKVAKWET,2010,MOSS
OTC,20A,NAKVAKWET,2010,SDECI
OTC,20A,NAKVAKWET,2010,SEVER
OTC,20A,NAKVAKWET,2015,FORB
OTC,20A,NAKVAKWET,2015,GRAM
OTC,20A,NAKVAKWET,2015,LICHEN
OTC,20A,NAKVAKWET,2015,LIVERWORT
OTC,20A,NAKVAKWET,2015,MOSS
OTC,20A,NAKVAKWET,2015,SDECI
OTC,20A,NAKVAKWET,2015,SEVER
OTC,20A,NAKVAKWET,2021,FORB
OTC,20A,NAKVAKWET,2021,GRAM
OTC,20A,NAKVAKWET,2021,LICHEN
OTC,20A,NAKVAKWET,2021,LIVERWORT
OTC,20A,NAKVAKWET,2021,MOSS
OTC,20A,NAKVAKWET,2021,SDECI
OTC,20A,NAKVAKWET,2021,SEVER
CTL,20B,NAKVAKWET,2008,FORB
CTL,20B,NAKVAKWET,2008,GRAM
CTL,20B,NAKVAKWET,2008,LICHEN
CTL,20B,NAKVAKWET,2008,LIVERWORT
CTL,20B,NAKVAKWET,2008,MOSS
CTL,20B,NAKVAKWET,2008,SDECI
CTL,20B,NAKVAKWET,2008,SEVER
CTL,20B,NAKVAKWET,2010,FORB
CTL,20B,NAKVAKWET,2010,GRAM
CTL,20B,NAKVAKWET,2010,LICHEN
CTL,20B,NAKVAKWET,2010,LIVERWORT
CTL,20B,NAKVAKWET,2010,MOSS
CTL,20B,NAKVAKWET,2010,SDECI
CTL,20B,NAKVAKWET,2010,SEVER
CTL,20B,NAKVAKWET,2015,FORB
CTL,20B,NAKVAKWET,2015,GRAM
CTL,20B,NAKVAKWET,2015,LICHEN
CTL,20B,NAKVAKWET,2015,LIVERWORT
CTL,20B,NAKVAKWET,2015,MOSS
CTL,20B,NAKVAKWET,2015,SDECI
CTL,20B,NAKVAKWET,2015,SEVER
CTL,20B,NAKVAKWET,2021,FORB
CTL,20B,NAKVAKWET,2021,GRAM
CTL,20B,NAKVAKWET,2021,LICHEN
CTL,20B,NAKVAKWET,2021,LIVERWORT
CTL,20B,NAKVAKWET,2021,MOSS
CTL,20B,NAKVAKWET,2021,SDECI
CTL,20B,NAKVAKWET,2021,SEVER
OTC,21A,NAKVAKWET,2008,FORB
OTC,21A,NAKVAKWET,2008,GRAM
OTC,21A,NAKVAKWET,2008,LICHEN
OTC,21A,NAKVAKWET,2008,LIVERWORT
OTC,21A,NAKVAKWET,2008,MOSS
OTC,21A,NAKVAKWET,2008,SDECI
OTC,21A,NAKVAKWET,2008,SEVER
OTC,21A,NAKVAKWET,2010,FORB
OTC,21A,NAKVAKWET,2010,GRAM
OTC,21A,NAKVAKWET,2010,LICHEN
OTC,21A,NAKVAKWET,2010,LIVERWORT
OTC,21A,NAKVAKWET,2010,MOSS
OTC,21A,NAKVAKWET,2010,SDECI
OTC,21A,NAKVAKWET,2010,SEVER
OTC,21A,NAKVAKWET,2015,FORB
OTC,21A,NAKVAKWET,2015,GRAM
OTC,21A,NAKVAKWET,2015,LICHEN
OTC,21A,NAKVAKWET,2015,LIVERWORT
OTC,21A,NAKVAKWET,2015,MOSS
OTC,21A,NAKVAKWET,2015,SDECI
OTC,21A,NAKVAKWET,2015,SEVER
OTC,21A,NAKVAKWET,2021,FORB
OTC,21A,NAKVAKWET,2021,GRAM
OTC,21A,NAKVAKWET,2021,LICHEN
OTC,21A,NAKVAKWET,2021,LIVERWORT
OTC,21A,NAKVAKWET,2021,MOSS
OTC,21A,NAKVAKWET,2021,SDECI
OTC,21A,NAKVAKWET,2021,SEVER
CTL,21B,NAKVAKWET,2008,FORB
CTL,21B,NAKVAKWET,2008,GRAM
CTL,21B,NAKVAKWET,2008,LICHEN
CTL,21B,NAKVAKWET,2008,LIVERWORT
CTL,21B,NAKVAKWET,2008,MOSS
CTL,21B,NAKVAKWET,2008,SDECI
CTL,21B,NAKVAKWET,2008,SEVER
CTL,21B,NAKVAKWET,2010,FORB
CTL,21B,NAKVAKWET,2010,GRAM
CTL,21B,NAKVAKWET,2010,LICHEN
CTL,21B,NAKVAKWET,2010,LIVERWORT
CTL,21B,NAKVAKWET,2010,MOSS
CTL,21B,NAKVAKWET,2010,SDECI
CTL,21B,NAKVAKWET,2010,SEVER
CTL,21B,NAKVAKWET,2015,FORB
CTL,21B,NAKVAKWET,2015,GRAM
CTL,21B,NAKVAKWET,2015,LICHEN
CTL,21B,NAKVAKWET,2015,LIVERWORT
CTL,21B,NAKVAKWET,2015,MOSS
CTL,21B,NAKVAKWET,2015,SDECI
CTL,21B,NAKVAKWET,2015,SEVER
CTL,21B,NAKVAKWET,2021,FORB
CTL,21B,NAKVAKWET,2021,GRAM
CTL,21B,NAKVAKWET,2021,LICHEN
CTL,21B,NAKVAKWET,2021,LIVERWORT
CTL,21B,NAKVAKWET,2021,MOSS
CTL,21B,NAKVAKWET,2021,SDECI
CTL,21B,NAKVAKWET,2021,SEVER
OTC,2A,NAKVAKDRY,2008,FORB
OTC,2A,NAKVAKDRY,2008,GRAM
OTC,2A,NAKVAKDRY,2008,LICHEN
OTC,2A,NAKVAKDRY,2008,LIVERWORT
OTC,2A,NAKVAKDRY,2008,MOSS
OTC,2A,NAKVAKDRY,2008,SDECI
OTC,2A,NAKVAKDRY,2008,SEVER
OTC,2A,NAKVAKDRY,2010,FORB
OTC,2A,NAKVAKDRY,2010,GRAM
OTC,2A,NAKVAKDRY,2010,LICHEN
OTC,2A,NAKVAKDRY,2010,LIVERWORT
OTC,2A,NAKVAKDRY,2010,MOSS
OTC,2A,NAKVAKDRY,2010,SDECI
OTC,2A,NAKVAKDRY,2010,SEVER
OTC,2A,NAKVAKDRY,2015,FORB
OTC,2A,NAKVAKDRY,2015,GRAM
OTC,2A,NAKVAKDRY,2015,LICHEN
OTC,2A,NAKVAKDRY,2015,LIVERWORT
OTC,2A,NAKVAKDRY,2015,MOSS
OTC,2A,NAKVAKDRY,2015,SDECI
OTC,2A,NAKVAKDRY,2015,SEVER
OTC,2A,NAKVAKDRY,2021,FORB
OTC,2A,NAKVAKDRY,2021,GRAM
OTC,2A,NAKVAKDRY,2021,LICHEN
OTC,2A,NAKVAKDRY,2021,LIVERWORT
OTC,2A,NAKVAKDRY,2021,MOSS
OTC,2A,NAKVAKDRY,2021,SDECI
OTC,2A,NAKVAKDRY,2021,SEVER
CTL,2B,NAKVAKDRY,2008,FORB
CTL,2B,NAKVAKDRY,2008,GRAM
CTL,2B,NAKVAKDRY,2008,LICHEN
CTL,2B,NAKVAKDRY,2008,LIVERWORT
CTL,2B,NAKVAKDRY,2008,MOSS
CTL,2B,NAKVAKDRY,2008,SDECI
CTL,2B,NAKVAKDRY,2008,SEVER
CTL,2B,NAKVAKDRY,2010,FORB
CTL,2B,NAKVAKDRY,2010,GRAM
CTL,2B,NAKVAKDRY,2010,LICHEN
CTL,2B,NAKVAKDRY,2010,LIVERWORT
CTL,2B,NAKVAKDRY,2010,MOSS
CTL,2B,NAKVAKDRY,2010,SDECI
CTL,2B,NAKVAKDRY,2010,SEVER
CTL,2B,NAKVAKDRY,2015,FORB
CTL,2B,NAKVAKDRY,2015,GRAM
CTL,2B,NAKVAKDRY,2015,LICHEN
CTL,2B,NAKVAKDRY,2015,LIVERWORT
CTL,2B,NAKVAKDRY,2015,MOSS
CTL,2B,NAKVAKDRY,2015,SDECI
CTL,2B,NAKVAKDRY,2015,SEVER
CTL,2B,NAKVAKDRY,2021,FORB
CTL,2B,NAKVAKDRY,2021,GRAM
CTL,2B,NAKVAKDRY,2021,LICHEN
CTL,2B,NAKVAKDRY,2021,LIVERWORT
CTL,2B,NAKVAKDRY,2021,MOSS
CTL,2B,NAKVAKDRY,2021,SDECI
CTL,2B,NAKVAKDRY,2021,SEVER
OTC,3A,NAKVAKDRY,2008,FORB
OTC,3A,NAKVAKDRY,2008,GRAM
OTC,3A,NAKVAKDRY,2008,LICHEN
OTC,3A,NAKVAKDRY,2008,LIVERWORT
OTC,3A,NAKVAKDRY,2008,MOSS
OTC,3A,NAKVAKDRY,2008,SDECI
OTC,3A,NAKVAKDRY,2008,SEVER
OTC,3A,NAKVAKDRY,2010,FORB
OTC,3A,NAKVAKDRY,2010,GRAM
OTC,3A,NAKVAKDRY,2010,LICHEN
OTC,3A,NAKVAKDRY,2010,LIVERWORT
OTC,3A,NAKVAKDRY,2010,MOSS
OTC,3A,NAKVAKDRY,2010,SDECI
OTC,3A,NAKVAKDRY,2010,SEVER
OTC,3A,NAKVAKDRY,2015,FORB
OTC,3A,NAKVAKDRY,2015,GRAM
OTC,3A,NAKVAKDRY,2015,LICHEN
OTC,3A,NAKVAKDRY,2015,LIVERWORT
OTC,3A,NAKVAKDRY,2015,MOSS
OTC,3A,NAKVAKDRY,2015,SDECI
OTC,3A,NAKVAKDRY,2015,SEVER
OTC,3A,NAKVAKDRY,2021,FORB
OTC,3A,NAKVAKDRY,2021,GRAM
OTC,3A,NAKVAKDRY,2021,LICHEN
OTC,3A,NAKVAKDRY,2021,LIVERWORT
OTC,3A,NAKVAKDRY,2021,MOSS
OTC,3A,NAKVAKDRY,2021,SDECI
OTC,3A,NAKVAKDRY,2021,SEVER
CTL,3B,NAKVAKDRY,2008,FORB
CTL,3B,NAKVAKDRY,2008,GRAM
CTL,3B,NAKVAKDRY,2008,LICHEN
CTL,3B,NAKVAKDRY,2008,LIVERWORT
CTL,3B,NAKVAKDRY,2008,MOSS
CTL,3B,NAKVAKDRY,2008,SDECI
CTL,3B,NAKVAKDRY,2008,SEVER
CTL,3B,NAKVAKDRY,2010,FORB
CTL,3B,NAKVAKDRY,2010,GRAM
CTL,3B,NAKVAKDRY,2010,LICHEN
CTL,3B,NAKVAKDRY,2010,LIVERWORT
CTL,3B,NAKVAKDRY,2010,MOSS
CTL,3B,NAKVAKDRY,2010,SDECI
CTL,3B,NAKVAKDRY,2010,SEVER
CTL,3B,NAKVAKDRY,2015,FORB
CTL,3B,NAKVAKDRY,2015,GRAM
CTL,3B,NAKVAKDRY,2015,LICHEN
CTL,3B,NAKVAKDRY,2015,LIVERWORT
CTL,3B,NAKVAKDRY,2015,MOSS
CTL,3B,NAKVAKDRY,2015,SDECI
CTL,3B,NAKVAKDRY,2015,SEVER
CTL,3B,NAKVAKDRY,2021,FORB
CTL,3B,NAKVAKDRY,2021,GRAM
CTL,3B,NAKVAKDRY,2021,LICHEN
CTL,3B,NAKVAKDRY,2021,LIVERWORT
CTL,3B,NAKVAKDRY,2021,MOSS
CTL,3B,NAKVAKDRY,2021,SDECI
CTL,3B,NAKVAKDRY,2021,SEVER
OTC,4A,NAKVAKWET,2008,FORB
OTC,4A,NAKVAKWET,2008,GRAM
OTC,4A,NAKVAKWET,2008,LICHEN
OTC,4A,NAKVAKWET,2008,LIVERWORT
OTC,4A,NAKVAKWET,2008,MOSS
OTC,4A,NAKVAKWET,2008,SDECI
OTC,4A,NAKVAKWET,2008,SEVER
OTC,4A,NAKVAKWET,2010,FORB
OTC,4A,NAKVAKWET,2010,GRAM
OTC,4A,NAKVAKWET,2010,LICHEN
OTC,4A,NAKVAKWET,2010,LIVERWORT
OTC,4A,NAKVAKWET,2010,MOSS
OTC,4A,NAKVAKWET,2010,SDECI
OTC,4A,NAKVAKWET,2010,SEVER
OTC,4A,NAKVAKWET,2015,FORB
OTC,4A,NAKVAKWET,2015,GRAM
OTC,4A,NAKVAKWET,2015,LICHEN
OTC,4A,NAKVAKWET,2015,LIVERWORT
OTC,4A,NAKVAKWET,2015,MOSS
OTC,4A,NAKVAKWET,2015,SDECI
OTC,4A,NAKVAKWET,2015,SEVER
OTC,4A,NAKVAKWET,2021,FORB
OTC,4A,NAKVAKWET,2021,GRAM
OTC,4A,NAKVAKWET,2021,LICHEN
OTC,4A,NAKVAKWET,2021,LIVERWORT
OTC,4A,NAKVAKWET,2021,MOSS
OTC,4A,NAKVAKWET,2021,SDECI
OTC,4A,NAKVAKWET,2021,SEVER
CTL,4B,NAKVAKWET,2008,FORB
CTL,4B,NAKVAKWET,2008,GRAM
CTL,4B,NAKVAKWET,2008,LICHEN
CTL,4B,NAKVAKWET,2008,LIVERWORT
CTL,4B,NAKVAKWET,2008,MOSS
CTL,4B,NAKVAKWET,2008,SDECI
CTL,4B,NAKVAKWET,2008,SEVER
CTL,4B,NAKVAKWET,2010,FORB
CTL,4B,NAKVAKWET,2010,GRAM
CTL,4B,NAKVAKWET,2010,LICHEN
CTL,4B,NAKVAKWET,2010,LIVERWORT
CTL,4B,NAKVAKWET,2010,MOSS
CTL,4B,NAKVAKWET,2010,SDECI
CTL,4B,NAKVAKWET,2010,SEVER
CTL,4B,NAKVAKWET,2015,FORB
CTL,4B,NAKVAKWET,2015,GRAM
CTL,4B,NAKVAKWET,2015,LICHEN
CTL,4B,NAKVAKWET,2015,LIVERWORT
CTL,4B,NAKVAKWET,2015,MOSS
CTL,4B,NAKVAKWET,2015,SDECI
CTL,4B,NAKVAKWET,2015,SEVER
CTL,4B,NAKVAKWET,2021,FORB
CTL,4B,NAKVAKWET,2021,GRAM
CTL,4B,NAKVAKWET,2021,LICHEN
CTL,4B,NAKVAKWET,2021,LIVERWORT
CTL,4B,NAKVAKWET,2021,MOSS
CTL,4B,NAKVAKWET,2021,SDECI
CTL,4B,NAKVAKWET,2021,SEVER
OTC,5A,NAKVAKWET,2008,FORB
OTC,5A,NAKVAKWET,2008,GRAM
OTC,5A,NAKVAKWET,2008,LICHEN
OTC,5A,NAKVAKWET,2008,LIVERWORT
OTC,5A,NAKVAKWET,2008,MOSS
OTC,5A,NAKVAKWET,2008,SDECI
OTC,5A,NAKVAKWET,2008,SEVER
OTC,5A,NAKVAKWET,2010,FORB
OTC,5A,NAKVAKWET,2010,GRAM
OTC,5A,NAKVAKWET,2010,LICHEN
OTC,5A,NAKVAKWET,2010,LIVERWORT
OTC,5A,NAKVAKWET,2010,MOSS
OTC,5A,NAKVAKWET,2010,SDECI
OTC,5A,NAKVAKWET,2010,SEVER
OTC,5A,NAKVAKWET,2015,FORB
OTC,5A,NAKVAKWET,2015,GRAM
OTC,5A,NAKVAKWET,2015,LICHEN
OTC,5A,NAKVAKWET,2015,LIVERWORT
OTC,5A,NAKVAKWET,2015,MOSS
OTC,5A,NAKVAKWET,2015,SDECI
OTC,5A,NAKVAKWET,2015,SEVER
OTC,5A,NAKVAKWET,2021,FORB
OTC,5A,NAKVAKWET,2021,GRAM
OTC,5A,NAKVAKWET,2021,LICHEN
OTC,5A,NAKVAKWET,2021,LIVERWORT
OTC,5A,NAKVAKWET,2021,MOSS
OTC,5A,NAKVAKWET,2021,SDECI
OTC,5A,NAKVAKWET,2021,SEVER
CTL,5B,NAKVAKWET,2008,FORB
CTL,5B,NAKVAKWET,2008,GRAM
CTL,5B,NAKVAKWET,2008,LICHEN
CTL,5B,NAKVAKWET,2008,LIVERWORT
CTL,5B,NAKVAKWET,2008,MOSS
CTL,5B,NAKVAKWET,2008,SDECI
CTL,5B,NAKVAKWET,2008,SEVER
CTL,5B,NAKVAKWET,2010,FORB
CTL,5B,NAKVAKWET,2010,GRAM
CTL,5B,NAKVAKWET,2010,LICHEN
CTL,5B,NAKVAKWET,2010,LIVERWORT
CTL,5B,NAKVAKWET,2010,MOSS
CTL,5B,NAKVAKWET,2010,SDECI
CTL,5B,NAKVAKWET,2010,SEVER
CTL,5B,NAKVAKWET,2015,FORB
CTL,5B,NAKVAKWET,2015,GRAM
CTL,5B,NAKVAKWET,2015,LICHEN
CTL,5B,NAKVAKWET,2015,LIVERWORT
CTL,5B,NAKVAKWET,2015,MOSS
CTL,5B,NAKVAKWET,2015,SDECI
CTL,5B,NAKVAKWET,2015,SEVER
CTL,5B,NAKVAKWET,2021,FORB
CTL,5B,NAKVAKWET,2021,GRAM
CTL,5B,NAKVAKWET,2021,LICHEN
CTL,5B,NAKVAKWET,2021,LIVERWORT
CTL,5B,NAKVAKWET,2021,MOSS
CTL,5B,NAKVAKWET,2021,SDECI
CTL,5B,NAKVAKWET,2021,SEVER
OTC,6A,NAKVAKDRY,2008,FORB
OTC,6A,NAKVAKDRY,2008,GRAM
OTC,6A,NAKVAKDRY,2008,LICHEN
OTC,6A,NAKVAKDRY,2008,LIVERWORT
OTC,6A,NAKVAKDRY,2008,MOSS
OTC,6A,NAKVAKDRY,2008,SDECI
OTC,6A,NAKVAKDRY,2008,SEVER
OTC,6A,NAKVAKDRY,2010,FORB
OTC,6A,NAKVAKDRY,2010,GRAM
OTC,6A,NAKVAKDRY,2010,LICHEN
OTC,6A,NAKVAKDRY,2010,LIVERWORT
OTC,6A,NAKVAKDRY,2010,MOSS
OTC,6A,NAKVAKDRY,2010,SDECI
OTC,6A,NAKVAKDRY,2010,SEVER
OTC,6A,NAKVAKDRY,2015,FORB
OTC,6A,NAKVAKDRY,2015,GRAM
OTC,6A,NAKVAKDRY,2015,LICHEN
OTC,6A,NAKVAKDRY,2015,LIVERWORT
OTC,6A,NAKVAKDRY,2015,MOSS
OTC,6A,NAKVAKDRY,2015,SDECI
OTC,6A,NAKVAKDRY,2015,SEVER
OTC,6A,NAKVAKDRY,2021,FORB
OTC,6A,NAKVAKDRY,2021,GRAM
OTC,6A,NAKVAKDRY,2021,LICHEN
OTC,6A,NAKVAKDRY,2021,LIVERWORT
OTC,6A,NAKVAKDRY,2021,MOSS
OTC,6A,NAKVAKDRY,2021,SDECI
OTC,6A,NAKVAKDRY,2021,SEVER
CTL,6B,NAKVAKDRY,2008,FORB
CTL,6B,NAKVAKDRY,2008,GRAM
CTL,6B,NAKVAKDRY,2008,LICHEN
CTL,6B,NAKVAKDRY,2008,LIVERWORT
CTL,6B,NAKVAKDRY,2008,MOSS
CTL,6B,NAKVAKDRY,2008,SDECI
CTL,6B,NAKVAKDRY,2008,SEVER
CTL,6B,NAKVAKDRY,2010,FORB
CTL,6B,NAKVAKDRY,2010,GRAM
CTL,6B,NAKVAKDRY,2010,LICHEN
CTL,6B,NAKVAKDRY,2010,LIVERWORT
CTL,6B,NAKVAKDRY,2010,MOSS
CTL,6B,NAKVAKDRY,2010,SDECI
CTL,6B,NAKVAKDRY,2010,SEVER
CTL,6B,NAKVAKDRY,2015,FORB
CTL,6B,NAKVAKDRY,2015,GRAM
CTL,6B,NAKVAKDRY,2015,LICHEN
CTL,6B,NAKVAKDRY,2015,LIVERWORT
CTL,6B,NAKVAKDRY,2015,MOSS
CTL,6B,NAKVAKDRY,2015,SDECI
CTL,6B,NAKVAKDRY,2015,SEVER
CTL,6B,NAKVAKDRY,2021,FORB
CTL,6B,NAKVAKDRY,2021,GRAM
CTL,6B,NAKVAKDRY,2021,LICHEN
CTL,6B,NAKVAKDRY,2021,LIVERWORT
CTL,6B,NAKVAKDRY,2021,MOSS
CTL,6B,NAKVAKDRY,2021,SDECI
CTL,6B,NAKVAKDRY,2021,SEVER
OTC,7A,NAKVAKWET,2008,FORB
OTC,7A,NAKVAKWET,2008,GRAM
OTC,7A,NAKVAKWET,2008,LICHEN
OTC,7A,NAKVAKWET,2008,LIVERWORT
OTC,7A,NAKVAKWET,2008,MOSS
OTC,7A,NAKVAKWET,2008,SDECI
OTC,7A,NAKVAKWET,2008,SEVER
OTC,7A,NAKVAKWET,2010,FORB
OTC,7A,NAKVAKWET,2010,GRAM
OTC,7A,NAKVAKWET,2010,LICHEN
OTC,7A,NAKVAKWET,2010,LIVERWORT
OTC,7A,NAKVAKWET,2010,MOSS
OTC,7A,NAKVAKWET,2010,SDECI
OTC,7A,NAKVAKWET,2010,SEVER
OTC,7A,NAKVAKWET,2015,FORB
OTC,7A,NAKVAKWET,2015,GRAM
OTC,7A,NAKVAKWET,2015,LICHEN
OTC,7A,NAKVAKWET,2015,LIVERWORT
OTC,7A,NAKVAKWET,2015,MOSS
OTC,7A,NAKVAKWET,2015,SDECI
OTC,7A,NAKVAKWET,2015,SEVER
OTC,7A,NAKVAKWET,2021,FORB
OTC,7A,NAKVAKWET,2021,GRAM
OTC,7A,NAKVAKWET,2021,LICHEN
OTC,7A,NAKVAKWET,2021,LIVERWORT
OTC,7A,NAKVAKWET,2021,MOSS
OTC,7A,NAKVAKWET,2021,SDECI
OTC,7A,NAKVAKWET,2021,SEVER
CTL,7B,NAKVAKWET,2008,FORB
CTL,7B,NAKVAKWET,2008,GRAM
CTL,7B,NAKVAKWET,2008,LICHEN
CTL,7B,NAKVAKWET,2008,LIVERWORT
CTL,7B,NAKVAKWET,2008,MOSS
CTL,7B,NAKVAKWET,2008,SDECI
CTL,7B,NAKVAKWET,2008,SEVER
CTL,7B,NAKVAKWET,2010,FORB
CTL,7B,NAKVAKWET,2010,GRAM
CTL,7B,NAKVAKWET,2010,LICHEN
CTL,7B,NAKVAKWET,2010,LIVERWORT
CTL,7B,NAKVAKWET,2010,MOSS
CTL,7B,NAKVAKWET,2010,SDECI
CTL,7B,NAKVAKWET,2010,SEVER
CTL,7B,NAKVAKWET,2015,FORB
CTL,7B,NAKVAKWET,2015,GRAM
CTL,7B,NAKVAKWET,2015,LICHEN
CTL,7B,NAKVAKWET,2015,LIVERWORT
CTL,7B,NAKVAKWET,2015,MOSS
CTL,7B,NAKVAKWET,2015,SDECI
CTL,7B,NAKVAKWET,2015,SEVER
CTL,7B,NAKVAKWET,2021,FORB
CTL,7B,NAKVAKWET,2021,GRAM
CTL,7B,NAKVAKWET,2021,LICHEN
CTL,7B,NAKVAKWET,2021,LIVERWORT
CTL,7B,NAKVAKWET,2021,MOSS
CTL,7B,NAKVAKWET,2021,SDECI
CTL,7B,NAKVAKWET,2021,SEVER
OTC,8A,NAKVAKDRY,2008,FORB
OTC,8A,NAKVAKDRY,2008,GRAM
OTC,8A,NAKVAKDRY,2008,LICHEN
OTC,8A,NAKVAKDRY,2008,LIVERWORT
OTC,8A,NAKVAKDRY,2008,MOSS
OTC,8A,NAKVAKDRY,2008,SDECI
OTC,8A,NAKVAKDRY,2008,SEVER
OTC,8A,NAKVAKDRY,2010,FORB
OTC,8A,NAKVAKDRY,2010,GRAM
OTC,8A,NAKVAKDRY,2010,LICHEN
OTC,8A,NAKVAKDRY,2010,LIVERWORT
OTC,8A,NAKVAKDRY,2010,MOSS
OTC,8A,NAKVAKDRY,2010,SDECI
OTC,8A,NAKVAKDRY,2010,SEVER
CTL,8B,NAKVAKDRY,2008,FORB
CTL,8B,NAKVAKDRY,2008,GRAM
CTL,8B,NAKVAKDRY,2008,LICHEN
CTL,8B,NAKVAKDRY,2008,LIVERWORT
CTL,8B,NAKVAKDRY,2008,MOSS
CTL,8B,NAKVAKDRY,2008,SDECI
CTL,8B,NAKVAKDRY,2008,SEVER
CTL,8B,NAKVAKDRY,2010,FORB
CTL,8B,NAKVAKDRY,2010,GRAM
CTL,8B,NAKVAKDRY,2010,LICHEN
CTL,8B,NAKVAKDRY,2010,LIVERWORT
CTL,8B,NAKVAKDRY,2010,MOSS
CTL,8B,NAKVAKDRY,2010,SDECI
CTL,8B,NAKVAKDRY,2010,SEVER
CTL,8B,NAKVAKDRY,2015,FORB
CTL,8B,NAKVAKDRY,2015,GRAM
CTL,8B,NAKVAKDRY,2015,LICHEN
CTL,8B,NAKVAKDRY,2015,LIVERWORT
CTL,8B,NAKVAKDRY,2015,MOSS
CTL,8B,NAKVAKDRY,2015,SDECI
CTL,8B,NAKVAKDRY,2015,SEVER
OTC,9A,NAKVAKWET,2008,FORB
OTC,9A,NAKVAKWET,2008,GRAM
OTC,9A,NAKVAKWET,2008,LICHEN
OTC,9A,NAKVAKWET,2008,LIVERWORT
OTC,9A,NAKVAKWET,2008,MOSS
OTC,9A,NAKVAKWET,2008,SDECI
OTC,9A,NAKVAKWET,2008,SEVER
OTC,9A,NAKVAKWET,2010,FORB
OTC,9A,NAKVAKWET,2010,GRAM
OTC,9A,NAKVAKWET,2010,LICHEN
OTC,9A,NAKVAKWET,2010,LIVERWORT
OTC,9A,NAKVAKWET,2010,MOSS
OTC,9A,NAKVAKWET,2010,SDECI
OTC,9A,NAKVAKWET,2010,SEVER
OTC,9A,NAKVAKWET,2015,FORB
OTC,9A,NAKVAKWET,2015,GRAM
OTC,9A,NAKVAKWET,2015,LICHEN
OTC,9A,NAKVAKWET,2015,LIVERWORT
OTC,9A,NAKVAKWET,2015,MOSS
OTC,9A,NAKVAKWET,2015,SDECI
OTC,9A,NAKVAKWET,2015,SEVER
OTC,9A,NAKVAKWET,2021,FORB
OTC,9A,NAKVAKWET,2021,GRAM
OTC,9A,NAKVAKWET,2021,LICHEN
OTC,9A,NAKVAKWET,2021,LIVERWORT
OTC,9A,NAKVAKWET,2021,MOSS
OTC,9A,NAKVAKWET,2021,SDECI
OTC,9A,NAKVAKWET,2021,SEVER
CTL,9B,NAKVAKWET,2008,FORB
CTL,9B,NAKVAKWET,2008,GRAM
CTL,9B,NAKVAKWET,2008,LICHEN
CTL,9B,NAKVAKWET,2008,LIVERWORT
CTL,9B,NAKVAKWET,2008,MOSS
CTL,9B,NAKVAKWET,2008,SDECI
CTL,9B,NAKVAKWET,2008,SEVER
CTL,9B,NAKVAKWET,2010,FORB
CTL,9B,NAKVAKWET,2010,GRAM
CTL,9B,NAKVAKWET,2010,LICHEN
CTL,9B,NAKVAKWET,2010,LIVERWORT
CTL,9B,NAKVAKWET,2010,MOSS
CTL,9B,NAKVAKWET,2010,SDECI
CTL,9B,NAKVAKWET,2010,SEVER
CTL,9B,NAKVAKWET,2015,FORB
CTL,9B,NAKVAKWET,2015,GRAM
CTL,9B,NAKVAKWET,2015,LICHEN
CTL,9B,NAKVAKWET,2015,LIVERWORT
CTL,9B,NAKVAKWET,2015,MOSS
CTL,9B,NAKVAKWET,2015,SDECI
CTL,9B,NAKVAKWET,2015,SEVER
CTL,9B,NAKVAKWET,2021,FORB
CTL,9B,NAKVAKWET,2021,GRAM
CTL,9B,NAKVAKWET,2021,LICHEN
CTL,9B,NAKVAKWET,2021,LIVERWORT
CTL,9B,NAKVAKWET,2021,MOSS
CTL,9B,NAKVAKWET,2021,SDECI
CTL,9B,NAKVAKWET,2021,SEVER